{
	"info": {
		"_postman_id": "9975b750-8c0e-4423-90af-7229a34a502a",
		"name": "Mac",
		"schema": "https://schema.getpostman.com/json/collection/v2.1.0/collection.json"
	},
	"item": [
		{
			"name": "Create product",
			"request": {
				"method": "POST",
				"header": [],
				"body": {
					"mode": "raw",
					"raw": "{\r\n    \"productName\": \"Teste\",\r\n    \"productStatus\": 2,\r\n    \"productType\": 1,\r\n    \"childProductList\": []\r\n}\r\n",
					"options": {
						"raw": {
							"language": "json"
						}
					}
				},
				"url": {
					"raw": "http://localhost:8079/products",
					"protocol": "http",
					"host": [
						"localhost"
					],
					"port": "8079",
					"path": [
						"products"
					]
				}
			},
			"response": []
		},
		{
			"name": "Update product status",
			"request": {
				"method": "PUT",
				"header": [],
				"url": {
					"raw": "http://localhost:8079/products/update-status/2",
					"protocol": "http",
					"host": [
						"localhost"
					],
					"port": "8079",
					"path": [
						"products",
						"update-status",
						"2"
					]
				}
			},
			"response": []
		}
	]
}